Metric,Value
Control Mean Conversion,0.19880363882705895
Test Mean Conversion,0.19742608875556017
Difference,-0.0013775500714987843
p-value,0.5466358630571253
CI Low,-0.005856563497504363
CI High,0.003101463354506794
